{"cameraMode":{"drawMode":0,"name":"Shaded","section":"Shading Mode"},"sceneLighting":true,"audioPlay":false,"sceneViewState":{"m_AlwaysRefresh":false,"showFog":true,"showSkybox":true,"showFlares":true,"showImageEffects":true,"showParticleSystems":true,"showVisualEffectGraphs":true,"m_FxEnabled":true},"in2DMode":false,"pivot":{"x":-21.600000381469728,"y":4.958762168884277,"z":0.7855224609375},"rotation":{"x":-0.022787924855947496,"y":0.042572297155857089,"z":-0.0009723241673782468,"w":-0.9988375306129456},"size":12.12435531616211,"orthographic":false}