{"cameraMode":{"drawMode":0,"name":"Shaded","section":"Shading Mode"},"sceneLighting":false,"audioPlay":false,"sceneViewState":{"m_AlwaysRefresh":false,"showFog":true,"showSkybox":false,"showFlares":true,"showImageEffects":true,"showParticleSystems":true,"showVisualEffectGraphs":true,"m_FxEnabled":true},"in2DMode":false,"pivot":{"x":-20.232959747314454,"y":0.003032684326171875,"z":11.006464958190918},"rotation":{"x":-0.14611242711544038,"y":-0.09422863274812699,"z":0.013982085511088372,"w":-0.9846789836883545},"size":8.699321746826172,"orthographic":false}